sequence_id,sequence,structure,bp
R1107,GGGGGCCACAGCAGAAGCGUUCACGUCGCAGCCCCUGUCAGCCAUUGCACUCCGGCUGCGAAUUCUGCU,.(((((...[[[[[[[(((.......))).)))))...(((((..........)))))....]]]]]]],"[[1, 34], [2, 33], [3, 32], [4, 31], [5, 30], [9, 68], [10, 67], [11, 66], [12, 65], [13, 64], [14, 63], [15, 62], [16, 28], [17, 27], [18, 26], [38, 57], [39, 56], [40, 55], [41, 54], [42, 53]]"
R1108,GGGGGCCACAGCAGAAGCGUUCACGUCGCGGCCCCUGUCAGCCAUUGCACUCCGGCUGCGAAUUCUGCU,((((((...[[[[[[[(((.......))).))))))..(((((..........)))))....]]]]]]],"[[0, 35], [1, 34], [2, 33], [3, 32], [4, 31], [5, 30], [9, 68], [10, 67], [11, 66], [12, 65], [13, 64], [14, 63], [15, 62], [16, 28], [17, 27], [18, 26], [38, 57], [39, 56], [40, 55], [41, 54], [42, 53]]"
R1116,CGCCCGGAUAGCUCAGUCGGUAGAGCAGCGGCUAAAACAGCUCUGGGGUUGUACCCACCCCAGAGGCCCACGUGGCGGCUAGUACUCCGGUAUUGCGGUACCCUUGUACGCCUGUUUUAGCCGCGGGUCCAGGGUUCAAGUCCCUGUUCGGGCGCCA,-(((((((..((((.....[..)))).((((((((((((((((((((---------..)))))))(((.....))).((..((((...((((......))))...))))))))))))))))))).....(((((..]....))))))))))))...-,"[[1, 152], [2, 151], [3, 150], [4, 149], [5, 148], [6, 147], [7, 146], [10, 25], [11, 24], [12, 23], [13, 22], [19, 136], [27, 123], [28, 122], [29, 121], [30, 120], [31, 119], [32, 118], [33, 117], [34, 116], [35, 115], [36, 114], [37, 113], [38, 112], [39, 111], [40, 64], [41, 63], [42, 62], [43, 61], [44, 60], [45, 59], [46, 58], [65, 75], [66, 74], [67, 73], [77, 110], [78, 109], [81, 108], [82, 107], [83, 106], [84, 105], [88, 101], [89, 100], [90, 99], [91, 98], [129, 145], [130, 144], [131, 143], [132, 142], [133, 141]]"
R1117,UUGGGUUCCCUCACCCCAAUCAUAAAAAGG,-((((...[[[...)))).........]]],"[[1, 17], [2, 16], [3, 15], [4, 14], [8, 29], [9, 28], [10, 27]]"
R1126,GGAAUCUCGCCCGAUGUUCGCAUCGGGAUUUGCAGGUCCAUGGAUUACACCAUGCAACGCAGACCUGUAGAUGCCACGCUAGCCGUGGUGAGGGUCGGGUCCAGAUGUCAUUCGACUUUAACGCGCCUAAGCGUUGAAGGCGUGUUAGAGCAGAUAGUUCGCUAUCUGGGGAGCCUGUUCGCAGGCUCAGGAGCCUUCGGGCUCCUAGCGCUAUUACCCCGGACACCACCGGGCAGACAAGUAAUGGUGCUCCUCGAAUGACUUCUGUUGAGUAGAGUGUGGGCUCCGCGGCUAGUGUGCACCUUAGCGGUGAAUGUCUGACACCGUUAAGGUGGUUACUCUUCGGAGUAACGCCGAGAUUCC,((((((((((((((((....)))))))((((.(((((((((((......)))))[[[[[[.)))))).))))[[[[[[[[[[[[[.[[.[.....[......[[[.[[[[[[[[[[[.[[[[.[[[[[..]]]]]].]]]]].]]]].]](((((((....)))))))(((((((((....)))))))(((((((....)))))))(((.[.((((((((((......)))))[[[[[[.))))).].)))))]]]]]]]]].]]]..............]..].]].]]]]]]]]]]][[[[[[[.[[[[[..]]]]]].]]]]].]]]]]]](((((((....)))))))]]))))))))),"[[0, 362], [1, 361], [2, 360], [3, 359], [4, 358], [5, 357], [6, 356], [7, 355], [8, 354], [9, 26], [10, 25], [11, 24], [12, 23], [13, 22], [14, 21], [15, 20], [27, 71], [28, 70], [29, 69], [30, 68], [32, 66], [33, 65], [34, 64], [35, 63], [36, 62], [37, 61], [38, 53], [39, 52], [40, 51], [41, 50], [42, 49], [54, 135], [55, 134], [56, 133], [57, 132], [58, 131], [59, 130], [72, 353], [73, 352], [74, 298], [75, 297], [76, 296], [77, 295], [78, 294], [79, 293], [80, 292], [81, 291], [82, 290], [83, 289], [84, 288], [86, 286], [87, 285], [89, 283], [95, 280], [102, 265], [103, 264], [104, 263], [106, 261], [107, 260], [108, 259], [109, 258], [110, 257], [111, 256], [112, 255], [113, 254], [114, 253], [115, 149], [116, 148], [118, 146], [119, 145], [120, 144], [121, 143], [123, 141], [124, 140], [125, 139], [126, 138], [127, 137], [150, 167], [151, 166], [152, 165], [153, 164], [154, 163], [155, 162], [156, 161], [168, 252], [169, 251], [170, 187], [171, 186], [172, 185], [173, 184], [174, 183], [175, 182], [176, 181], [188, 205], [189, 204], [190, 203], [191, 202], [192, 201], [193, 200], [194, 199], [206, 250], [207, 249], [208, 248], [210, 246], [212, 244], [213, 243], [214, 242], [215, 241], [216, 240], [217, 232], [218, 231], [219, 230], [220, 229], [221, 228], [233, 319], [234, 318], [235, 317], [236, 316], [237, 315], [238, 314], [299, 333], [300, 332], [301, 331], [302, 330], [303, 329], [304, 328], [305, 327], [307, 325], [308, 324], [309, 323], [310, 322], [311, 321], [334, 351], [335, 350], [336, 349], [337, 348], [338, 347], [339, 346], [340, 345]]"
R1128,GGAAUAUCGUCAUGGUGAUUCGUCACCAUGAGGCUAGAUCUCAUAUCUAGCGCUUUCGAGCGCUAGAGUCCUUAUCUAGCCGGUUUAUACUUUCGAGUGUGAACCCGAUAUUCCGCGGAUCACUAUGAGUCGUUCGCGGCUCAUAGUCCGGCUCAAAGGACAUCAUGGCCUGUUCGCAGGUUGUGAUUAUGAGUGAGCCGGGUAAGGCAUACCGUUCGCGGUAUGUCUUACGAUCCGC,((((((((((((((((((....)))))))))(((((((([[[[[[(((((((((....)))))))))[[[[[[))))))))((((((((((....)))))))))))))))))))[[[[[[[(((((((((((....)))))))))))[[[[[[[[]]]]]](((((((((((....)))))))))))]]]]]]]]]]]]]](((((((((((((....)))))))))))))]]]]]]],"[[0, 113], [1, 112], [2, 111], [3, 110], [4, 109], [5, 108], [6, 107], [7, 106], [8, 105], [9, 30], [10, 29], [11, 28], [12, 27], [13, 26], [14, 25], [15, 24], [16, 23], [17, 22], [31, 80], [32, 79], [33, 78], [34, 77], [35, 76], [36, 75], [37, 74], [38, 73], [39, 192], [40, 191], [41, 190], [42, 189], [43, 188], [44, 187], [45, 66], [46, 65], [47, 64], [48, 63], [49, 62], [50, 61], [51, 60], [52, 59], [53, 58], [67, 160], [68, 159], [69, 158], [70, 157], [71, 156], [72, 155], [81, 104], [82, 103], [83, 102], [84, 101], [85, 100], [86, 99], [87, 98], [88, 97], [89, 96], [90, 95], [114, 237], [115, 236], [116, 235], [117, 234], [118, 233], [119, 232], [120, 231], [121, 146], [122, 145], [123, 144], [124, 143], [125, 142], [126, 141], [127, 140], [128, 139], [129, 138], [130, 137], [131, 136], [147, 200], [148, 199], [149, 198], [150, 197], [151, 196], [152, 195], [153, 194], [154, 193], [161, 186], [162, 185], [163, 184], [164, 183], [165, 182], [166, 181], [167, 180], [168, 179], [169, 178], [170, 177], [171, 176], [201, 230], [202, 229], [203, 228], [204, 227], [205, 226], [206, 225], [207, 224], [208, 223], [209, 222], [210, 221], [211, 220], [212, 219], [213, 218]]"
R1136,GGAUACGUCUACGCUCAGUGACGGACUCUCUUCGGAGAGUCUGACAUCCGAACCAUACACGGAUGUGCCUCGCCGAACAGUCUACGGCGAGCUUAAGCGCUGGGGACGCCCAACGCAUCACAAAGACUGAGUGAUGAACCAGAAGUAUGGACUGGUUGCGUUGGUGGAGACGGUCGGGUCCAGUUCGCUGUCGAGUAGAGUGUGGGCUCCAUCGACGCCGCUUUAAGGUCCCCAAUCGUGGCGUGUCGGCCUGCUUCGGCAGGCACUGGCGCCGGGACCUUGAAGAGAUGAGAUUUCGAUCUCAUCUUUGGGUGUCUCUGGUGCUUGAGGGCCCUGUGUUCGCACAGGGCCGCUCACUGGGUGUGGACGUAUCC,((((((((((((((((((((((((((((((....)))))))))(((((((..[[[[[[.)))))))[[(((((((..[[[[[[.)))))))[[[[[[[[[[[[[[[[[[[[[[[[[[[[[[..]]]]]].]]]]]][[[[[[..]]]]]].]]]]]]((((((((((((.....(....((((....)))..)..........)..))))))))))))]]((((((((((((.......(((((...(((((((....)))))).)..)))))))))))))))))(((((((((....)))))))))]]]]]]]]]]]]]]]]]]]]]](((((((((....)))))))))]]))))))))))))))))))))),"[[0, 373], [1, 372], [2, 371], [3, 370], [4, 369], [5, 368], [6, 367], [7, 366], [8, 365], [9, 364], [10, 363], [11, 362], [12, 361], [13, 360], [14, 359], [15, 358], [16, 357], [17, 356], [18, 355], [19, 354], [20, 353], [21, 42], [22, 41], [23, 40], [24, 39], [25, 38], [26, 37], [27, 36], [28, 35], [29, 34], [43, 65], [44, 64], [45, 63], [46, 62], [47, 61], [48, 60], [49, 59], [52, 149], [53, 148], [54, 147], [55, 146], [56, 145], [57, 144], [66, 352], [67, 351], [68, 90], [69, 89], [70, 88], [71, 87], [72, 86], [73, 85], [74, 84], [77, 128], [78, 127], [79, 126], [80, 125], [81, 124], [82, 123], [91, 328], [92, 327], [93, 326], [94, 325], [95, 324], [96, 323], [97, 322], [98, 321], [99, 320], [100, 319], [101, 318], [102, 317], [103, 316], [104, 315], [105, 314], [106, 313], [107, 312], [108, 311], [109, 310], [110, 309], [111, 308], [112, 307], [113, 219], [114, 218], [115, 135], [116, 134], [117, 133], [118, 132], [119, 131], [120, 130], [136, 156], [137, 155], [138, 154], [139, 153], [140, 152], [141, 151], [157, 217], [158, 216], [159, 215], [160, 214], [161, 213], [162, 212], [163, 211], [164, 210], [165, 209], [166, 208], [167, 207], [168, 206], [174, 203], [179, 192], [180, 189], [181, 188], [182, 187], [220, 284], [221, 283], [222, 282], [223, 281], [224, 280], [225, 279], [226, 278], [227, 277], [228, 276], [229, 275], [230, 274], [231, 273], [239, 272], [240, 271], [241, 270], [242, 269], [243, 268], [247, 265], [248, 263], [249, 262], [250, 261], [251, 260], [252, 259], [253, 258], [285, 306], [286, 305], [287, 304], [288, 303], [289, 302], [290, 301], [291, 300], [292, 299], [293, 298], [329, 350], [330, 349], [331, 348], [332, 347], [333, 346], [334, 345], [335, 344], [336, 343], [337, 342]]"
R1138v1,GGGAGAGUACUAUUCAGAUGCAGACCGCAAGUUCAGAGCGGUUUGCAUCUAGGGUACGUUUUCGAACGUAUCCUCCGACUAAGUGUAUUCGUAUACUUAGUGCCUUGUGCCUGCUUCGGCAGGCAUGACCCAAAUGUGCCUUUCGGGGCACAUUUCCGGUCAUCCAAGUUCGCUUGGGUGAUGCGGGCGUAUAGGUUCGUCUAUACGUCCGCGUUUUCCGAGAAGAGGUAACUCGGGAAACCGGUCCACGUGACAAAGGUAGAGUUACGUGGAGGGAGCAGCUGCAAAGGGAUAAUGCAGUUGCUGGCUGGAUGCCAGAACUCACGACUGGCAUCUACGGGGAUGGUGCUCUCCCAAUUCUCCAUUUACCGCCGAAUCGACCCCAACGUGAGAGGGGUCGGUUCCCCGAGCAUAGACCAAUAUCCCAGGUUUAUGCUCCCCAACGCUGGACGAACUACCUACGUCUAGCGUUCCGGCAAAUGAGUCAAUACCUCAGACUUAUUUGCGGUGCCUGAGCCUAAACUGAACAUGGGUUCAGGCAUCUUGGCUCCAGUUCGCUGGAGCCGACGGUAGCGCUGCGUUCGCGCAGUGCUAGGGAGCAUCCGUUUUCGAGCGGAUGCUGGGCGGUUGCCUGUUCGCAGGCAAUCGGGCCUACUCAUGAUUCGUCAUGAGUGGUGACAGCGUGAUGUUCGCAUUACGCUGUCGGGUAGAUGGAGAAUU,((((((((((((((((((((((.(((((..[[[[[[.))))).)))))))((((((((((....))))))))))((((((((((.((....)).)))))))((((..(((((((....)))))))..)(((((((((((((....))))))))))(((.(((.(((((....))))).))).((((.((((.((......)).)))).))))((((((((((..[[[[[[.)))))))))))))((((((((((..[[[[[[.)))))))))))))(((..((((...[[[.[[..))))..))))))((((((((((..[[[[[[.))))))))))))))))))))))))))))[[[[[[[[[[.[[[[[[[[[[.[[[[[[[..]]]]]].]]]]]]].]]][[[[[[[[[[[[[[..]].]]].]]]]]]]]]]][[[[[[[[[[[[[[..]]]]]].]]]]]]]]]]][[[[[[[[[.[[[[..]]]]]].]]]].]]]]]][.[[[[[[[.[[[[..]]]]]].]]]].]]]]]]].](.((((((((....)))))))).)]]]((((((((((....))))))))))]]]((((((((.(....).))))))))]]]((.(((((((....))))))).))]]]((((((((((....)))))))))).((((((((.(((....))).)))))))).]]]].]]]]]]]]]],"[[0, 354], [1, 353], [2, 352], [3, 351], [4, 350], [5, 349], [6, 348], [7, 347], [8, 346], [9, 345], [10, 344], [11, 343], [12, 342], [13, 341], [14, 340], [15, 49], [16, 48], [17, 47], [18, 46], [19, 45], [20, 44], [21, 43], [23, 41], [24, 40], [25, 39], [26, 38], [27, 37], [30, 527], [31, 526], [32, 525], [33, 524], [34, 523], [35, 522], [50, 73], [51, 72], [52, 71], [53, 70], [54, 69], [55, 68], [56, 67], [57, 66], [58, 65], [59, 64], [74, 339], [75, 338], [76, 337], [77, 100], [78, 99], [79, 98], [80, 97], [81, 96], [82, 95], [83, 94], [85, 92], [86, 91], [101, 307], [102, 306], [103, 305], [104, 127], [107, 124], [108, 123], [109, 122], [110, 121], [111, 120], [112, 119], [113, 118], [128, 275], [129, 274], [130, 273], [131, 154], [132, 153], [133, 152], [134, 151], [135, 150], [136, 149], [137, 148], [138, 147], [139, 146], [140, 145], [155, 243], [156, 242], [157, 241], [159, 180], [160, 179], [161, 178], [163, 176], [164, 175], [165, 174], [166, 173], [167, 172], [182, 211], [183, 210], [184, 209], [185, 208], [187, 206], [188, 205], [189, 204], [190, 203], [192, 201], [193, 200], [212, 240], [213, 239], [214, 238], [215, 237], [216, 236], [217, 235], [218, 234], [219, 233], [220, 232], [221, 231], [224, 493], [225, 492], [226, 491], [227, 490], [228, 489], [229, 488], [244, 272], [245, 271], [246, 270], [247, 269], [248, 268], [249, 267], [250, 266], [251, 265], [252, 264], [253, 263], [256, 459], [257, 458], [258, 457], [259, 456], [260, 455], [261, 454], [276, 304], [277, 303], [278, 302], [281, 299], [282, 298], [283, 297], [284, 296], [288, 425], [289, 424], [290, 423], [292, 421], [293, 420], [308, 336], [309, 335], [310, 334], [311, 333], [312, 332], [313, 331], [314, 330], [315, 329], [316, 328], [317, 327], [320, 391], [321, 390], [322, 389], [323, 388], [324, 387], [325, 386], [355, 719], [356, 718], [357, 717], [358, 716], [359, 715], [360, 714], [361, 713], [362, 712], [363, 711], [364, 710], [366, 708], [367, 707], [368, 706], [369, 705], [370, 650], [371, 649], [372, 648], [373, 403], [374, 402], [375, 401], [377, 399], [378, 398], [379, 397], [380, 396], [381, 395], [382, 394], [383, 393], [404, 623], [405, 622], [406, 621], [407, 437], [408, 436], [409, 435], [410, 434], [411, 433], [412, 432], [413, 431], [414, 430], [415, 429], [416, 428], [417, 427], [438, 596], [439, 595], [440, 594], [441, 471], [442, 470], [443, 469], [444, 468], [445, 467], [446, 466], [447, 465], [448, 464], [449, 463], [450, 462], [451, 461], [472, 569], [473, 568], [474, 567], [475, 505], [476, 504], [477, 503], [478, 502], [479, 501], [480, 500], [482, 498], [483, 497], [484, 496], [485, 495], [506, 542], [508, 540], [509, 539], [510, 538], [511, 537], [512, 536], [513, 535], [514, 534], [516, 532], [517, 531], [518, 530], [519, 529], [543, 566], [545, 564], [546, 563], [547, 562], [548, 561], [549, 560], [550, 559], [551, 558], [552, 557], [570, 593], [571, 592], [572, 591], [573, 590], [574, 589], [575, 588], [576, 587], [577, 586], [578, 585], [579, 584], [597, 620], [598, 619], [599, 618], [600, 617], [601, 616], [602, 615], [603, 614], [604, 613], [606, 611], [624, 647], [625, 646], [627, 644], [628, 643], [629, 642], [630, 641], [631, 640], [632, 639], [633, 638], [651, 674], [652, 673], [653, 672], [654, 671], [655, 670], [656, 669], [657, 668], [658, 667], [659, 666], [660, 665], [676, 703], [677, 702], [678, 701], [679, 700], [680, 699], [681, 698], [682, 697], [683, 696], [685, 694], [686, 693], [687, 692]]"
R1149,GGACACGAGUAACUCGUCUAUCUUCUGCAGGCUGCUUACGGUUUCGUCCGUGUUGCAGCCGAUCAUCAGCACAUCUAGGUUUCGUCCGGGUGUGACCGAAAGGUAAGAUGGAGAGCCUUGUCCC,(((((..((...(((.(((((((((((..((((((.(((((......)))))..))))))......)))(((((((.((......)))))))))(((....)))))))))))))).))))))).,"[[0, 122], [1, 121], [2, 120], [3, 119], [4, 118], [7, 117], [8, 116], [12, 114], [13, 113], [14, 112], [16, 111], [17, 110], [18, 109], [19, 108], [20, 107], [21, 106], [22, 105], [23, 104], [24, 68], [25, 67], [26, 66], [29, 59], [30, 58], [31, 57], [32, 56], [33, 55], [34, 54], [36, 51], [37, 50], [38, 49], [39, 48], [40, 47], [69, 93], [70, 92], [71, 91], [72, 90], [73, 89], [74, 88], [75, 87], [77, 86], [78, 85], [94, 103], [95, 102], [96, 101]]"
R1156,GGAGCAUCGUGUCUCAAGUGCUUCACGGUCACAAUAUACCGUUUCGUCGGGUGCGUGGCAAUUCGGUGCACAUCAUGUCUUUCGUGGCUGGUGUGGCUCCUCAAGGUGCGAGGGGCAAGUAUAGAGCAGAGCUCC,(((((.((.((.(((..(((((((((((((((...((.(((......)))))..)))))....).)))(((((((.(((......))))))))))(((((((.......))))))))))))).)))))))))))),"[[0, 134], [1, 133], [2, 132], [3, 131], [4, 130], [6, 129], [7, 128], [9, 127], [10, 126], [12, 125], [13, 124], [14, 123], [17, 121], [18, 120], [19, 119], [20, 118], [21, 117], [22, 116], [23, 67], [24, 66], [25, 65], [26, 63], [27, 58], [28, 57], [29, 56], [30, 55], [31, 54], [35, 51], [36, 50], [38, 49], [39, 48], [40, 47], [68, 94], [69, 93], [70, 92], [71, 91], [72, 90], [73, 89], [74, 88], [76, 87], [77, 86], [78, 85], [95, 115], [96, 114], [97, 113], [98, 112], [99, 111], [100, 110], [101, 109]]"
R1189,GCGUACAGGGAACACGCAACCCCGAAGGAUCGGGGAAGGGACGUCGCCAGGGAGGCGAUUCCAUCAGGAUGAUGACGAGGGACUGAAGAGUGGGCGGGGUAAUACCCCGCCCCUUUUU,(((...........)))..(((((......)))))........((..(......).))....((.......))............(((((.((((((((.....))))))))))))).,"[[0, 16], [1, 15], [2, 14], [19, 34], [20, 33], [21, 32], [22, 31], [23, 30], [43, 57], [44, 56], [47, 54], [62, 72], [63, 71], [85, 116], [86, 115], [87, 114], [88, 113], [89, 112], [91, 111], [92, 110], [93, 109], [94, 108], [95, 107], [96, 106], [97, 105], [98, 104]]"
R1190,GCGUACAGGGAACACGCAACCCCGAAGGAUCGGGGAAGGGACGUCGCCAGGGAGGCGAUUCCAUCAGGAUGAUGACGAGGGACUGAAGAGUGGGCGGGGUAAUACCCCGCCCCUUUUU,((((.........))))..(((((......)))))........(((((.....)))))...((((.....)))).(........)(((((.((((((((.....))))))))))))).,"[[0, 16], [1, 15], [2, 14], [3, 13], [19, 34], [20, 33], [21, 32], [22, 31], [23, 30], [43, 57], [44, 56], [45, 55], [46, 54], [47, 53], [61, 73], [62, 72], [63, 71], [64, 70], [75, 84], [85, 116], [86, 115], [87, 114], [88, 113], [89, 112], [91, 111], [92, 110], [93, 109], [94, 108], [95, 107], [96, 106], [97, 105], [98, 104]]"
